{"1": 9560789.494824765, "2": 2009940.5835640908, "3": 858166.201901492, "4": 666281.8155368192, "5": 595893.4411826199, "6": 564596.9776528099, "7": 557127.3412316135}